"Wahlkreis","Gemeinde_Nr","Storyboard","Text_de"
"Bern",351,,"Der Wahlkreis Bern ist noch nicht ausgezählt"
"Biel-Bienne - Seeland",301,,"Der Wahlkreis Biel-Bienne - Seeland ist noch nicht ausgezählt"
"Biel-Bienne - Seeland",302,,"Der Wahlkreis Biel-Bienne - Seeland ist noch nicht ausgezählt"
"Biel-Bienne - Seeland",303,,"Der Wahlkreis Biel-Bienne - Seeland ist noch nicht ausgezählt"
"Biel-Bienne - Seeland",304,,"Der Wahlkreis Biel-Bienne - Seeland ist noch nicht ausgezählt"
"Biel-Bienne - Seeland",305,,"Der Wahlkreis Biel-Bienne - Seeland ist noch nicht ausgezählt"
"Biel-Bienne - Seeland",306,,"Der Wahlkreis Biel-Bienne - Seeland ist noch nicht ausgezählt"
"Biel-Bienne - Seeland",309,,"Der Wahlkreis Biel-Bienne - Seeland ist noch nicht ausgezählt"
"Biel-Bienne - Seeland",310,,"Der Wahlkreis Biel-Bienne - Seeland ist noch nicht ausgezählt"
"Biel-Bienne - Seeland",311,,"Der Wahlkreis Biel-Bienne - Seeland ist noch nicht ausgezählt"
"Biel-Bienne - Seeland",312,,"Der Wahlkreis Biel-Bienne - Seeland ist noch nicht ausgezählt"
"Biel-Bienne - Seeland",371,,"Der Wahlkreis Biel-Bienne - Seeland ist noch nicht ausgezählt"
"Biel-Bienne - Seeland",372,,"Der Wahlkreis Biel-Bienne - Seeland ist noch nicht ausgezählt"
"Biel-Bienne - Seeland",381,,"Der Wahlkreis Biel-Bienne - Seeland ist noch nicht ausgezählt"
"Biel-Bienne - Seeland",382,,"Der Wahlkreis Biel-Bienne - Seeland ist noch nicht ausgezählt"
"Biel-Bienne - Seeland",383,,"Der Wahlkreis Biel-Bienne - Seeland ist noch nicht ausgezählt"
"Biel-Bienne - Seeland",385,,"Der Wahlkreis Biel-Bienne - Seeland ist noch nicht ausgezählt"
"Biel-Bienne - Seeland",386,,"Der Wahlkreis Biel-Bienne - Seeland ist noch nicht ausgezählt"
"Biel-Bienne - Seeland",387,,"Der Wahlkreis Biel-Bienne - Seeland ist noch nicht ausgezählt"
"Biel-Bienne - Seeland",388,,"Der Wahlkreis Biel-Bienne - Seeland ist noch nicht ausgezählt"
"Biel-Bienne - Seeland",389,,"Der Wahlkreis Biel-Bienne - Seeland ist noch nicht ausgezählt"
"Biel-Bienne - Seeland",390,,"Der Wahlkreis Biel-Bienne - Seeland ist noch nicht ausgezählt"
"Biel-Bienne - Seeland",391,,"Der Wahlkreis Biel-Bienne - Seeland ist noch nicht ausgezählt"
"Biel-Bienne - Seeland",392,,"Der Wahlkreis Biel-Bienne - Seeland ist noch nicht ausgezählt"
"Biel-Bienne - Seeland",393,,"Der Wahlkreis Biel-Bienne - Seeland ist noch nicht ausgezählt"
"Biel-Bienne - Seeland",394,,"Der Wahlkreis Biel-Bienne - Seeland ist noch nicht ausgezählt"
"Biel-Bienne - Seeland",491,,"Der Wahlkreis Biel-Bienne - Seeland ist noch nicht ausgezählt"
"Biel-Bienne - Seeland",492,,"Der Wahlkreis Biel-Bienne - Seeland ist noch nicht ausgezählt"
"Biel-Bienne - Seeland",493,,"Der Wahlkreis Biel-Bienne - Seeland ist noch nicht ausgezählt"
"Biel-Bienne - Seeland",494,,"Der Wahlkreis Biel-Bienne - Seeland ist noch nicht ausgezählt"
"Biel-Bienne - Seeland",495,,"Der Wahlkreis Biel-Bienne - Seeland ist noch nicht ausgezählt"
"Biel-Bienne - Seeland",496,,"Der Wahlkreis Biel-Bienne - Seeland ist noch nicht ausgezählt"
"Biel-Bienne - Seeland",497,,"Der Wahlkreis Biel-Bienne - Seeland ist noch nicht ausgezählt"
"Biel-Bienne - Seeland",498,,"Der Wahlkreis Biel-Bienne - Seeland ist noch nicht ausgezählt"
"Biel-Bienne - Seeland",499,,"Der Wahlkreis Biel-Bienne - Seeland ist noch nicht ausgezählt"
"Biel-Bienne - Seeland",500,,"Der Wahlkreis Biel-Bienne - Seeland ist noch nicht ausgezählt"
"Biel-Bienne - Seeland",501,,"Der Wahlkreis Biel-Bienne - Seeland ist noch nicht ausgezählt"
"Biel-Bienne - Seeland",502,,"Der Wahlkreis Biel-Bienne - Seeland ist noch nicht ausgezählt"
"Biel-Bienne - Seeland",731,,"Der Wahlkreis Biel-Bienne - Seeland ist noch nicht ausgezählt"
"Biel-Bienne - Seeland",732,,"Der Wahlkreis Biel-Bienne - Seeland ist noch nicht ausgezählt"
"Biel-Bienne - Seeland",733,,"Der Wahlkreis Biel-Bienne - Seeland ist noch nicht ausgezählt"
"Biel-Bienne - Seeland",734,,"Der Wahlkreis Biel-Bienne - Seeland ist noch nicht ausgezählt"
"Biel-Bienne - Seeland",735,,"Der Wahlkreis Biel-Bienne - Seeland ist noch nicht ausgezählt"
"Biel-Bienne - Seeland",736,,"Der Wahlkreis Biel-Bienne - Seeland ist noch nicht ausgezählt"
"Biel-Bienne - Seeland",737,,"Der Wahlkreis Biel-Bienne - Seeland ist noch nicht ausgezählt"
"Biel-Bienne - Seeland",738,,"Der Wahlkreis Biel-Bienne - Seeland ist noch nicht ausgezählt"
"Biel-Bienne - Seeland",739,,"Der Wahlkreis Biel-Bienne - Seeland ist noch nicht ausgezählt"
"Biel-Bienne - Seeland",740,,"Der Wahlkreis Biel-Bienne - Seeland ist noch nicht ausgezählt"
"Biel-Bienne - Seeland",741,,"Der Wahlkreis Biel-Bienne - Seeland ist noch nicht ausgezählt"
"Biel-Bienne - Seeland",742,,"Der Wahlkreis Biel-Bienne - Seeland ist noch nicht ausgezählt"
"Biel-Bienne - Seeland",743,,"Der Wahlkreis Biel-Bienne - Seeland ist noch nicht ausgezählt"
"Biel-Bienne - Seeland",744,,"Der Wahlkreis Biel-Bienne - Seeland ist noch nicht ausgezählt"
"Biel-Bienne - Seeland",745,,"Der Wahlkreis Biel-Bienne - Seeland ist noch nicht ausgezählt"
"Biel-Bienne - Seeland",746,,"Der Wahlkreis Biel-Bienne - Seeland ist noch nicht ausgezählt"
"Biel-Bienne - Seeland",747,,"Der Wahlkreis Biel-Bienne - Seeland ist noch nicht ausgezählt"
"Biel-Bienne - Seeland",748,,"Der Wahlkreis Biel-Bienne - Seeland ist noch nicht ausgezählt"
"Biel-Bienne - Seeland",749,,"Der Wahlkreis Biel-Bienne - Seeland ist noch nicht ausgezählt"
"Biel-Bienne - Seeland",750,,"Der Wahlkreis Biel-Bienne - Seeland ist noch nicht ausgezählt"
"Biel-Bienne - Seeland",751,,"Der Wahlkreis Biel-Bienne - Seeland ist noch nicht ausgezählt"
"Biel-Bienne - Seeland",754,,"Der Wahlkreis Biel-Bienne - Seeland ist noch nicht ausgezählt"
"Biel-Bienne - Seeland",755,,"Der Wahlkreis Biel-Bienne - Seeland ist noch nicht ausgezählt"
"Biel-Bienne - Seeland",756,,"Der Wahlkreis Biel-Bienne - Seeland ist noch nicht ausgezählt"
"Emmental",401,,"Der Wahlkreis Emmental ist noch nicht ausgezählt"
"Emmental",402,,"Der Wahlkreis Emmental ist noch nicht ausgezählt"
"Emmental",404,,"Der Wahlkreis Emmental ist noch nicht ausgezählt"
"Emmental",405,,"Der Wahlkreis Emmental ist noch nicht ausgezählt"
"Emmental",406,,"Der Wahlkreis Emmental ist noch nicht ausgezählt"
"Emmental",407,,"Der Wahlkreis Emmental ist noch nicht ausgezählt"
"Emmental",409,,"Der Wahlkreis Emmental ist noch nicht ausgezählt"
"Emmental",410,,"Der Wahlkreis Emmental ist noch nicht ausgezählt"
"Emmental",411,,"Der Wahlkreis Emmental ist noch nicht ausgezählt"
"Emmental",412,,"Der Wahlkreis Emmental ist noch nicht ausgezählt"
"Emmental",413,,"Der Wahlkreis Emmental ist noch nicht ausgezählt"
"Emmental",414,,"Der Wahlkreis Emmental ist noch nicht ausgezählt"
"Emmental",415,,"Der Wahlkreis Emmental ist noch nicht ausgezählt"
"Emmental",416,,"Der Wahlkreis Emmental ist noch nicht ausgezählt"
"Emmental",418,,"Der Wahlkreis Emmental ist noch nicht ausgezählt"
"Emmental",420,,"Der Wahlkreis Emmental ist noch nicht ausgezählt"
"Emmental",421,,"Der Wahlkreis Emmental ist noch nicht ausgezählt"
"Emmental",422,,"Der Wahlkreis Emmental ist noch nicht ausgezählt"
"Emmental",423,,"Der Wahlkreis Emmental ist noch nicht ausgezählt"
"Emmental",424,,"Der Wahlkreis Emmental ist noch nicht ausgezählt"
"Emmental",533,,"Der Wahlkreis Emmental ist noch nicht ausgezählt"
"Emmental",552,,"Der Wahlkreis Emmental ist noch nicht ausgezählt"
"Emmental",554,,"Der Wahlkreis Emmental ist noch nicht ausgezählt"
"Emmental",556,,"Der Wahlkreis Emmental ist noch nicht ausgezählt"
"Emmental",901,,"Der Wahlkreis Emmental ist noch nicht ausgezählt"
"Emmental",902,,"Der Wahlkreis Emmental ist noch nicht ausgezählt"
"Emmental",903,,"Der Wahlkreis Emmental ist noch nicht ausgezählt"
"Emmental",904,,"Der Wahlkreis Emmental ist noch nicht ausgezählt"
"Emmental",905,,"Der Wahlkreis Emmental ist noch nicht ausgezählt"
"Emmental",906,,"Der Wahlkreis Emmental ist noch nicht ausgezählt"
"Emmental",907,,"Der Wahlkreis Emmental ist noch nicht ausgezählt"
"Emmental",908,,"Der Wahlkreis Emmental ist noch nicht ausgezählt"
"Emmental",909,,"Der Wahlkreis Emmental ist noch nicht ausgezählt"
"Emmental",951,,"Der Wahlkreis Emmental ist noch nicht ausgezählt"
"Emmental",952,,"Der Wahlkreis Emmental ist noch nicht ausgezählt"
"Emmental",955,,"Der Wahlkreis Emmental ist noch nicht ausgezählt"
"Emmental",956,,"Der Wahlkreis Emmental ist noch nicht ausgezählt"
"Emmental",957,,"Der Wahlkreis Emmental ist noch nicht ausgezählt"
"Emmental",958,,"Der Wahlkreis Emmental ist noch nicht ausgezählt"
"Jura bernois",431,,"Der Wahlkreis Jura bernois ist noch nicht ausgezählt"
"Jura bernois",432,,"Der Wahlkreis Jura bernois ist noch nicht ausgezählt"
"Jura bernois",433,,"Der Wahlkreis Jura bernois ist noch nicht ausgezählt"
"Jura bernois",434,,"Der Wahlkreis Jura bernois ist noch nicht ausgezählt"
"Jura bernois",435,,"Der Wahlkreis Jura bernois ist noch nicht ausgezählt"
"Jura bernois",437,,"Der Wahlkreis Jura bernois ist noch nicht ausgezählt"
"Jura bernois",438,,"Der Wahlkreis Jura bernois ist noch nicht ausgezählt"
"Jura bernois",441,,"Der Wahlkreis Jura bernois ist noch nicht ausgezählt"
"Jura bernois",442,,"Der Wahlkreis Jura bernois ist noch nicht ausgezählt"
"Jura bernois",443,,"Der Wahlkreis Jura bernois ist noch nicht ausgezählt"
"Jura bernois",444,,"Der Wahlkreis Jura bernois ist noch nicht ausgezählt"
"Jura bernois",445,,"Der Wahlkreis Jura bernois ist noch nicht ausgezählt"
"Jura bernois",446,,"Der Wahlkreis Jura bernois ist noch nicht ausgezählt"
"Jura bernois",448,,"Der Wahlkreis Jura bernois ist noch nicht ausgezählt"
"Jura bernois",449,,"Der Wahlkreis Jura bernois ist noch nicht ausgezählt"
"Jura bernois",450,,"Der Wahlkreis Jura bernois ist noch nicht ausgezählt"
"Jura bernois",681,,"Der Wahlkreis Jura bernois ist noch nicht ausgezählt"
"Jura bernois",683,,"Der Wahlkreis Jura bernois ist noch nicht ausgezählt"
"Jura bernois",687,,"Der Wahlkreis Jura bernois ist noch nicht ausgezählt"
"Jura bernois",690,,"Der Wahlkreis Jura bernois ist noch nicht ausgezählt"
"Jura bernois",691,,"Der Wahlkreis Jura bernois ist noch nicht ausgezählt"
"Jura bernois",692,,"Der Wahlkreis Jura bernois ist noch nicht ausgezählt"
"Jura bernois",694,,"Der Wahlkreis Jura bernois ist noch nicht ausgezählt"
"Jura bernois",696,,"Der Wahlkreis Jura bernois ist noch nicht ausgezählt"
"Jura bernois",700,,"Der Wahlkreis Jura bernois ist noch nicht ausgezählt"
"Jura bernois",701,,"Der Wahlkreis Jura bernois ist noch nicht ausgezählt"
"Jura bernois",703,,"Der Wahlkreis Jura bernois ist noch nicht ausgezählt"
"Jura bernois",704,,"Der Wahlkreis Jura bernois ist noch nicht ausgezählt"
"Jura bernois",706,,"Der Wahlkreis Jura bernois ist noch nicht ausgezählt"
"Jura bernois",707,,"Der Wahlkreis Jura bernois ist noch nicht ausgezählt"
"Jura bernois",708,,"Der Wahlkreis Jura bernois ist noch nicht ausgezählt"
"Jura bernois",709,,"Der Wahlkreis Jura bernois ist noch nicht ausgezählt"
"Jura bernois",711,,"Der Wahlkreis Jura bernois ist noch nicht ausgezählt"
"Jura bernois",713,,"Der Wahlkreis Jura bernois ist noch nicht ausgezählt"
"Jura bernois",715,,"Der Wahlkreis Jura bernois ist noch nicht ausgezählt"
"Jura bernois",716,,"Der Wahlkreis Jura bernois ist noch nicht ausgezählt"
"Jura bernois",717,,"Der Wahlkreis Jura bernois ist noch nicht ausgezählt"
"Jura bernois",723,,"Der Wahlkreis Jura bernois ist noch nicht ausgezählt"
"Jura bernois",724,,"Der Wahlkreis Jura bernois ist noch nicht ausgezählt"
"Jura bernois",726,,"Der Wahlkreis Jura bernois ist noch nicht ausgezählt"
"Mittelland-Nord",307,,"Der Wahlkreis Mittelland-Nord ist noch nicht ausgezählt"
"Mittelland-Nord",352,,"Der Wahlkreis Mittelland-Nord ist noch nicht ausgezählt"
"Mittelland-Nord",353,,"Der Wahlkreis Mittelland-Nord ist noch nicht ausgezählt"
"Mittelland-Nord",354,,"Der Wahlkreis Mittelland-Nord ist noch nicht ausgezählt"
"Mittelland-Nord",356,,"Der Wahlkreis Mittelland-Nord ist noch nicht ausgezählt"
"Mittelland-Nord",358,,"Der Wahlkreis Mittelland-Nord ist noch nicht ausgezählt"
"Mittelland-Nord",359,,"Der Wahlkreis Mittelland-Nord ist noch nicht ausgezählt"
"Mittelland-Nord",360,,"Der Wahlkreis Mittelland-Nord ist noch nicht ausgezählt"
"Mittelland-Nord",361,,"Der Wahlkreis Mittelland-Nord ist noch nicht ausgezählt"
"Mittelland-Nord",362,,"Der Wahlkreis Mittelland-Nord ist noch nicht ausgezählt"
"Mittelland-Nord",363,,"Der Wahlkreis Mittelland-Nord ist noch nicht ausgezählt"
"Mittelland-Nord",403,,"Der Wahlkreis Mittelland-Nord ist noch nicht ausgezählt"
"Mittelland-Nord",535,,"Der Wahlkreis Mittelland-Nord ist noch nicht ausgezählt"
"Mittelland-Nord",536,,"Der Wahlkreis Mittelland-Nord ist noch nicht ausgezählt"
"Mittelland-Nord",538,,"Der Wahlkreis Mittelland-Nord ist noch nicht ausgezählt"
"Mittelland-Nord",540,,"Der Wahlkreis Mittelland-Nord ist noch nicht ausgezählt"
"Mittelland-Nord",541,,"Der Wahlkreis Mittelland-Nord ist noch nicht ausgezählt"
"Mittelland-Nord",543,,"Der Wahlkreis Mittelland-Nord ist noch nicht ausgezählt"
"Mittelland-Nord",544,,"Der Wahlkreis Mittelland-Nord ist noch nicht ausgezählt"
"Mittelland-Nord",546,,"Der Wahlkreis Mittelland-Nord ist noch nicht ausgezählt"
"Mittelland-Nord",551,,"Der Wahlkreis Mittelland-Nord ist noch nicht ausgezählt"
"Mittelland-Nord",553,,"Der Wahlkreis Mittelland-Nord ist noch nicht ausgezählt"
"Mittelland-Nord",557,,"Der Wahlkreis Mittelland-Nord ist noch nicht ausgezählt"
"Mittelland-Nord",627,,"Der Wahlkreis Mittelland-Nord ist noch nicht ausgezählt"
"Mittelland-Nord",630,,"Der Wahlkreis Mittelland-Nord ist noch nicht ausgezählt"
"Mittelland-Nord",662,,"Der Wahlkreis Mittelland-Nord ist noch nicht ausgezählt"
"Mittelland-Nord",663,,"Der Wahlkreis Mittelland-Nord ist noch nicht ausgezählt"
"Mittelland-Nord",664,,"Der Wahlkreis Mittelland-Nord ist noch nicht ausgezählt"
"Mittelland-Nord",665,,"Der Wahlkreis Mittelland-Nord ist noch nicht ausgezählt"
"Mittelland-Nord",666,,"Der Wahlkreis Mittelland-Nord ist noch nicht ausgezählt"
"Mittelland-Nord",667,,"Der Wahlkreis Mittelland-Nord ist noch nicht ausgezählt"
"Mittelland-Nord",668,,"Der Wahlkreis Mittelland-Nord ist noch nicht ausgezählt"
"Mittelland-Nord",669,,"Der Wahlkreis Mittelland-Nord ist noch nicht ausgezählt"
"Mittelland-Nord",670,,"Der Wahlkreis Mittelland-Nord ist noch nicht ausgezählt"
"Mittelland-Nord",671,,"Der Wahlkreis Mittelland-Nord ist noch nicht ausgezählt"
"Mittelland-Süd",355,,"Der Wahlkreis Mittelland-Süd ist noch nicht ausgezählt"
"Mittelland-Süd",357,,"Der Wahlkreis Mittelland-Süd ist noch nicht ausgezählt"
"Mittelland-Süd",602,,"Der Wahlkreis Mittelland-Süd ist noch nicht ausgezählt"
"Mittelland-Süd",603,,"Der Wahlkreis Mittelland-Süd ist noch nicht ausgezählt"
"Mittelland-Süd",605,,"Der Wahlkreis Mittelland-Süd ist noch nicht ausgezählt"
"Mittelland-Süd",606,,"Der Wahlkreis Mittelland-Süd ist noch nicht ausgezählt"
"Mittelland-Süd",607,,"Der Wahlkreis Mittelland-Süd ist noch nicht ausgezählt"
"Mittelland-Süd",608,,"Der Wahlkreis Mittelland-Süd ist noch nicht ausgezählt"
"Mittelland-Süd",609,,"Der Wahlkreis Mittelland-Süd ist noch nicht ausgezählt"
"Mittelland-Süd",610,,"Der Wahlkreis Mittelland-Süd ist noch nicht ausgezählt"
"Mittelland-Süd",611,,"Der Wahlkreis Mittelland-Süd ist noch nicht ausgezählt"
"Mittelland-Süd",612,,"Der Wahlkreis Mittelland-Süd ist noch nicht ausgezählt"
"Mittelland-Süd",613,,"Der Wahlkreis Mittelland-Süd ist noch nicht ausgezählt"
"Mittelland-Süd",614,,"Der Wahlkreis Mittelland-Süd ist noch nicht ausgezählt"
"Mittelland-Süd",615,,"Der Wahlkreis Mittelland-Süd ist noch nicht ausgezählt"
"Mittelland-Süd",616,,"Der Wahlkreis Mittelland-Süd ist noch nicht ausgezählt"
"Mittelland-Süd",617,,"Der Wahlkreis Mittelland-Süd ist noch nicht ausgezählt"
"Mittelland-Süd",619,,"Der Wahlkreis Mittelland-Süd ist noch nicht ausgezählt"
"Mittelland-Süd",620,,"Der Wahlkreis Mittelland-Süd ist noch nicht ausgezählt"
"Mittelland-Süd",622,,"Der Wahlkreis Mittelland-Süd ist noch nicht ausgezählt"
"Mittelland-Süd",623,,"Der Wahlkreis Mittelland-Süd ist noch nicht ausgezählt"
"Mittelland-Süd",626,,"Der Wahlkreis Mittelland-Süd ist noch nicht ausgezählt"
"Mittelland-Süd",628,,"Der Wahlkreis Mittelland-Süd ist noch nicht ausgezählt"
"Mittelland-Süd",629,,"Der Wahlkreis Mittelland-Süd ist noch nicht ausgezählt"
"Mittelland-Süd",632,,"Der Wahlkreis Mittelland-Süd ist noch nicht ausgezählt"
"Mittelland-Süd",852,,"Der Wahlkreis Mittelland-Süd ist noch nicht ausgezählt"
"Mittelland-Süd",853,,"Der Wahlkreis Mittelland-Süd ist noch nicht ausgezählt"
"Mittelland-Süd",855,,"Der Wahlkreis Mittelland-Süd ist noch nicht ausgezählt"
"Mittelland-Süd",861,,"Der Wahlkreis Mittelland-Süd ist noch nicht ausgezählt"
"Mittelland-Süd",866,,"Der Wahlkreis Mittelland-Süd ist noch nicht ausgezählt"
"Mittelland-Süd",868,,"Der Wahlkreis Mittelland-Süd ist noch nicht ausgezählt"
"Mittelland-Süd",869,,"Der Wahlkreis Mittelland-Süd ist noch nicht ausgezählt"
"Mittelland-Süd",870,,"Der Wahlkreis Mittelland-Süd ist noch nicht ausgezählt"
"Mittelland-Süd",872,,"Der Wahlkreis Mittelland-Süd ist noch nicht ausgezählt"
"Mittelland-Süd",873,,"Der Wahlkreis Mittelland-Süd ist noch nicht ausgezählt"
"Mittelland-Süd",874,,"Der Wahlkreis Mittelland-Süd ist noch nicht ausgezählt"
"Mittelland-Süd",876,,"Der Wahlkreis Mittelland-Süd ist noch nicht ausgezählt"
"Mittelland-Süd",877,,"Der Wahlkreis Mittelland-Süd ist noch nicht ausgezählt"
"Mittelland-Süd",879,,"Der Wahlkreis Mittelland-Süd ist noch nicht ausgezählt"
"Mittelland-Süd",880,,"Der Wahlkreis Mittelland-Süd ist noch nicht ausgezählt"
"Mittelland-Süd",881,,"Der Wahlkreis Mittelland-Süd ist noch nicht ausgezählt"
"Mittelland-Süd",884,,"Der Wahlkreis Mittelland-Süd ist noch nicht ausgezählt"
"Mittelland-Süd",888,,"Der Wahlkreis Mittelland-Süd ist noch nicht ausgezählt"
"Mittelland-Süd",889,,"Der Wahlkreis Mittelland-Süd ist noch nicht ausgezählt"
"Oberaargau",321,,"Der Wahlkreis Oberaargau ist noch nicht ausgezählt"
"Oberaargau",322,,"Der Wahlkreis Oberaargau ist noch nicht ausgezählt"
"Oberaargau",323,,"Der Wahlkreis Oberaargau ist noch nicht ausgezählt"
"Oberaargau",324,,"Der Wahlkreis Oberaargau ist noch nicht ausgezählt"
"Oberaargau",325,,"Der Wahlkreis Oberaargau ist noch nicht ausgezählt"
"Oberaargau",326,,"Der Wahlkreis Oberaargau ist noch nicht ausgezählt"
"Oberaargau",329,,"Der Wahlkreis Oberaargau ist noch nicht ausgezählt"
"Oberaargau",331,,"Der Wahlkreis Oberaargau ist noch nicht ausgezählt"
"Oberaargau",332,,"Der Wahlkreis Oberaargau ist noch nicht ausgezählt"
"Oberaargau",333,,"Der Wahlkreis Oberaargau ist noch nicht ausgezählt"
"Oberaargau",335,,"Der Wahlkreis Oberaargau ist noch nicht ausgezählt"
"Oberaargau",336,,"Der Wahlkreis Oberaargau ist noch nicht ausgezählt"
"Oberaargau",337,,"Der Wahlkreis Oberaargau ist noch nicht ausgezählt"
"Oberaargau",338,,"Der Wahlkreis Oberaargau ist noch nicht ausgezählt"
"Oberaargau",339,,"Der Wahlkreis Oberaargau ist noch nicht ausgezählt"
"Oberaargau",340,,"Der Wahlkreis Oberaargau ist noch nicht ausgezählt"
"Oberaargau",341,,"Der Wahlkreis Oberaargau ist noch nicht ausgezählt"
"Oberaargau",342,,"Der Wahlkreis Oberaargau ist noch nicht ausgezählt"
"Oberaargau",344,,"Der Wahlkreis Oberaargau ist noch nicht ausgezählt"
"Oberaargau",345,,"Der Wahlkreis Oberaargau ist noch nicht ausgezählt"
"Oberaargau",408,,"Der Wahlkreis Oberaargau ist noch nicht ausgezählt"
"Oberaargau",953,,"Der Wahlkreis Oberaargau ist noch nicht ausgezählt"
"Oberaargau",954,,"Der Wahlkreis Oberaargau ist noch nicht ausgezählt"
"Oberaargau",959,,"Der Wahlkreis Oberaargau ist noch nicht ausgezählt"
"Oberaargau",960,,"Der Wahlkreis Oberaargau ist noch nicht ausgezählt"
"Oberaargau",971,,"Der Wahlkreis Oberaargau ist noch nicht ausgezählt"
"Oberaargau",972,,"Der Wahlkreis Oberaargau ist noch nicht ausgezählt"
"Oberaargau",973,,"Der Wahlkreis Oberaargau ist noch nicht ausgezählt"
"Oberaargau",975,,"Der Wahlkreis Oberaargau ist noch nicht ausgezählt"
"Oberaargau",976,,"Der Wahlkreis Oberaargau ist noch nicht ausgezählt"
"Oberaargau",977,,"Der Wahlkreis Oberaargau ist noch nicht ausgezählt"
"Oberaargau",979,,"Der Wahlkreis Oberaargau ist noch nicht ausgezählt"
"Oberaargau",980,,"Der Wahlkreis Oberaargau ist noch nicht ausgezählt"
"Oberaargau",981,,"Der Wahlkreis Oberaargau ist noch nicht ausgezählt"
"Oberaargau",982,,"Der Wahlkreis Oberaargau ist noch nicht ausgezählt"
"Oberaargau",983,,"Der Wahlkreis Oberaargau ist noch nicht ausgezählt"
"Oberaargau",985,,"Der Wahlkreis Oberaargau ist noch nicht ausgezählt"
"Oberaargau",987,,"Der Wahlkreis Oberaargau ist noch nicht ausgezählt"
"Oberaargau",988,,"Der Wahlkreis Oberaargau ist noch nicht ausgezählt"
"Oberaargau",989,,"Der Wahlkreis Oberaargau ist noch nicht ausgezählt"
"Oberaargau",990,,"Der Wahlkreis Oberaargau ist noch nicht ausgezählt"
"Oberaargau",991,,"Der Wahlkreis Oberaargau ist noch nicht ausgezählt"
"Oberaargau",992,,"Der Wahlkreis Oberaargau ist noch nicht ausgezählt"
"Oberaargau",993,,"Der Wahlkreis Oberaargau ist noch nicht ausgezählt"
"Oberaargau",995,,"Der Wahlkreis Oberaargau ist noch nicht ausgezählt"
"Oberaargau",996,,"Der Wahlkreis Oberaargau ist noch nicht ausgezählt"
"Oberland",561,,"Der Wahlkreis Oberland ist noch nicht ausgezählt"
"Oberland",562,,"Der Wahlkreis Oberland ist noch nicht ausgezählt"
"Oberland",563,,"Der Wahlkreis Oberland ist noch nicht ausgezählt"
"Oberland",564,,"Der Wahlkreis Oberland ist noch nicht ausgezählt"
"Oberland",565,,"Der Wahlkreis Oberland ist noch nicht ausgezählt"
"Oberland",566,,"Der Wahlkreis Oberland ist noch nicht ausgezählt"
"Oberland",567,,"Der Wahlkreis Oberland ist noch nicht ausgezählt"
"Oberland",571,,"Der Wahlkreis Oberland ist noch nicht ausgezählt"
"Oberland",572,,"Der Wahlkreis Oberland ist noch nicht ausgezählt"
"Oberland",573,,"Der Wahlkreis Oberland ist noch nicht ausgezählt"
"Oberland",574,,"Der Wahlkreis Oberland ist noch nicht ausgezählt"
"Oberland",575,,"Der Wahlkreis Oberland ist noch nicht ausgezählt"
"Oberland",576,,"Der Wahlkreis Oberland ist noch nicht ausgezählt"
"Oberland",577,,"Der Wahlkreis Oberland ist noch nicht ausgezählt"
"Oberland",578,,"Der Wahlkreis Oberland ist noch nicht ausgezählt"
"Oberland",579,,"Der Wahlkreis Oberland ist noch nicht ausgezählt"
"Oberland",580,,"Der Wahlkreis Oberland ist noch nicht ausgezählt"
"Oberland",581,,"Der Wahlkreis Oberland ist noch nicht ausgezählt"
"Oberland",582,,"Der Wahlkreis Oberland ist noch nicht ausgezählt"
"Oberland",584,,"Der Wahlkreis Oberland ist noch nicht ausgezählt"
"Oberland",585,,"Der Wahlkreis Oberland ist noch nicht ausgezählt"
"Oberland",586,,"Der Wahlkreis Oberland ist noch nicht ausgezählt"
"Oberland",587,,"Der Wahlkreis Oberland ist noch nicht ausgezählt"
"Oberland",588,,"Der Wahlkreis Oberland ist noch nicht ausgezählt"
"Oberland",589,,"Der Wahlkreis Oberland ist noch nicht ausgezählt"
"Oberland",590,,"Der Wahlkreis Oberland ist noch nicht ausgezählt"
"Oberland",591,,"Der Wahlkreis Oberland ist noch nicht ausgezählt"
"Oberland",592,,"Der Wahlkreis Oberland ist noch nicht ausgezählt"
"Oberland",593,,"Der Wahlkreis Oberland ist noch nicht ausgezählt"
"Oberland",594,,"Der Wahlkreis Oberland ist noch nicht ausgezählt"
"Oberland",761,,"Der Wahlkreis Oberland ist noch nicht ausgezählt"
"Oberland",762,,"Der Wahlkreis Oberland ist noch nicht ausgezählt"
"Oberland",763,,"Der Wahlkreis Oberland ist noch nicht ausgezählt"
"Oberland",766,,"Der Wahlkreis Oberland ist noch nicht ausgezählt"
"Oberland",768,,"Der Wahlkreis Oberland ist noch nicht ausgezählt"
"Oberland",769,,"Der Wahlkreis Oberland ist noch nicht ausgezählt"
"Oberland",782,,"Der Wahlkreis Oberland ist noch nicht ausgezählt"
"Oberland",783,,"Der Wahlkreis Oberland ist noch nicht ausgezählt"
"Oberland",784,,"Der Wahlkreis Oberland ist noch nicht ausgezählt"
"Oberland",785,,"Der Wahlkreis Oberland ist noch nicht ausgezählt"
"Oberland",786,,"Der Wahlkreis Oberland ist noch nicht ausgezählt"
"Oberland",791,,"Der Wahlkreis Oberland ist noch nicht ausgezählt"
"Oberland",792,,"Der Wahlkreis Oberland ist noch nicht ausgezählt"
"Oberland",793,,"Der Wahlkreis Oberland ist noch nicht ausgezählt"
"Oberland",794,,"Der Wahlkreis Oberland ist noch nicht ausgezählt"
"Oberland",841,,"Der Wahlkreis Oberland ist noch nicht ausgezählt"
"Oberland",842,,"Der Wahlkreis Oberland ist noch nicht ausgezählt"
"Oberland",843,,"Der Wahlkreis Oberland ist noch nicht ausgezählt"
"Thun",767,,"Der Wahlkreis Thun ist noch nicht ausgezählt"
"Thun",770,,"Der Wahlkreis Thun ist noch nicht ausgezählt"
"Thun",863,,"Der Wahlkreis Thun ist noch nicht ausgezählt"
"Thun",867,,"Der Wahlkreis Thun ist noch nicht ausgezählt"
"Thun",883,,"Der Wahlkreis Thun ist noch nicht ausgezählt"
"Thun",885,,"Der Wahlkreis Thun ist noch nicht ausgezählt"
"Thun",886,,"Der Wahlkreis Thun ist noch nicht ausgezählt"
"Thun",921,,"Der Wahlkreis Thun ist noch nicht ausgezählt"
"Thun",922,,"Der Wahlkreis Thun ist noch nicht ausgezählt"
"Thun",923,,"Der Wahlkreis Thun ist noch nicht ausgezählt"
"Thun",924,,"Der Wahlkreis Thun ist noch nicht ausgezählt"
"Thun",925,,"Der Wahlkreis Thun ist noch nicht ausgezählt"
"Thun",927,,"Der Wahlkreis Thun ist noch nicht ausgezählt"
"Thun",928,,"Der Wahlkreis Thun ist noch nicht ausgezählt"
"Thun",929,,"Der Wahlkreis Thun ist noch nicht ausgezählt"
"Thun",931,,"Der Wahlkreis Thun ist noch nicht ausgezählt"
"Thun",932,,"Der Wahlkreis Thun ist noch nicht ausgezählt"
"Thun",934,,"Der Wahlkreis Thun ist noch nicht ausgezählt"
"Thun",935,,"Der Wahlkreis Thun ist noch nicht ausgezählt"
"Thun",936,,"Der Wahlkreis Thun ist noch nicht ausgezählt"
"Thun",937,,"Der Wahlkreis Thun ist noch nicht ausgezählt"
"Thun",938,,"Der Wahlkreis Thun ist noch nicht ausgezählt"
"Thun",939,,"Der Wahlkreis Thun ist noch nicht ausgezählt"
"Thun",940,,"Der Wahlkreis Thun ist noch nicht ausgezählt"
"Thun",941,,"Der Wahlkreis Thun ist noch nicht ausgezählt"
"Thun",942,,"Der Wahlkreis Thun ist noch nicht ausgezählt"
"Thun",943,,"Der Wahlkreis Thun ist noch nicht ausgezählt"
"Thun",944,,"Der Wahlkreis Thun ist noch nicht ausgezählt"
"Thun",945,,"Der Wahlkreis Thun ist noch nicht ausgezählt"
"Thun",946,,"Der Wahlkreis Thun ist noch nicht ausgezählt"
"Thun",947,,"Der Wahlkreis Thun ist noch nicht ausgezählt"
"Thun",948,,"Der Wahlkreis Thun ist noch nicht ausgezählt"
